Driver,Team,TeamColor,StintNumber,StintID,Label,Compound,LapStart,LapEnd,TotalLaps,CleanLaps,AvgLapTime,DegradationSlope,StintLength,TyreLifeStart,AvgTrackTemp,CompoundEncoded,RegressionR2,RegressionIntercept,LapTimeStd,BestLapTime,WorstLapTime,AvgSpeedST,AvgAirTemp,HasSafetyCar,LapTimeSeries,DegradationZScore,IsOutlier
LEC,Ferrari,#888888,1,LEC_S1,LEC-M1,MEDIUM,1,15,15,13,84.8726923076923,0.019939560439560158,15,1,49.364669162433465,1,0.032905049818053464,84.75305494505494,0.428084373423313,84.362,85.606,323.8666666666667,33.4209212514476,False,"[85.396, 85.179, 84.81, 84.603, 84.663, 84.434, 84.569, 84.362, 84.432, 84.846, 84.916, 85.529, 85.606]",0.6688635890118606,False
LEC,Ferrari,#888888,2,LEC_S2,LEC-H2,HARD,16,53,38,37,83.62494594594595,-0.008320293978188674,38,1,45.4556193711229,2,0.13054909674466253,83.77471123755335,0.24926067857944528,83.226,84.27,324.7105263157895,32.541311023382825,False,"[84.27, 83.875, 84.203, 83.826, 83.88, 83.768, 83.864, 83.64, 83.59, 83.321, 83.534, 83.284, 83.229, 83.359, 83.972, 83.274, 83.226, 83.43, 83.681, 83.714, 83.55, 83.624, 83.718, 83.69, 83.611, 83.67, 83.867, 83.43, 83.731, 83.597, 83.676, 83.518, 83.467, 83.461, 83.555, 83.75, 83.268]",-0.14035572293390763,False
PIA,McLaren,#888888,1,PIA_S1,PIA-M1,MEDIUM,1,16,16,14,84.68957142857141,-0.00945054945054907,16,1,49.277184900107066,1,0.012433872510158095,84.75099999999998,0.3545462353022982,84.077,85.261,316.8125,33.38507594129514,False,"[85.116, 85.261, 84.695, 84.66, 84.603, 84.418, 84.57, 84.375, 84.077, 84.247, 84.748, 84.67, 85.048, 85.166]",0.4211061370075226,False
PIA,McLaren,#888888,2,PIA_S2,PIA-H2,HARD,17,38,22,20,83.49725000000001,-0.03354812030075202,22,1,46.00923860616061,2,0.23090279288379245,83.81595714285716,0.4130357286699248,82.968,84.602,319.3636363636364,32.635936107862356,False,"[84.028, 84.602, 83.986, 83.903, 83.647, 83.66, 83.315, 83.23, 83.133, 83.088, 83.168, 83.066, 82.968, 83.221, 83.48, 83.148, 83.456, 83.409, 83.746, 83.691]",-0.31725470960846347,False
PIA,McLaren,#888888,3,PIA_S3,PIA-H3,HARD,39,53,15,14,82.45835714285715,-0.005989010989011195,15,1,44.48905901162676,2,0.0029662459180278926,82.49728571428572,0.46001347925783703,81.943,83.675,324.73333333333335,32.3808337148005,False,"[82.264, 82.066, 82.331, 82.092, 82.628, 83.675, 82.537, 82.253, 82.725, 82.945, 82.586, 82.424, 81.948, 81.943]",-0.12400863091083152,False
NOR,McLaren,#888888,1,NOR_S1,NOR-M1,MEDIUM,1,14,14,12,84.825,-0.041286713286713704,14,1,49.45985045785459,1,0.17345383462516661,85.05207692307692,0.357429204687635,84.391,85.458,323.07142857142856,33.45717896603715,False,"[85.458, 85.11, 85.168, 84.674, 84.768, 84.531, 84.674, 84.664, 84.391, 84.448, 84.655, 85.359]",0.15272854797730057,False
NOR,McLaren,#888888,2,NOR_S2,NOR-H2,HARD,15,32,18,16,83.828625,-0.054582352941176575,18,1,46.3916487065976,2,0.16079142469736138,84.23799264705883,0.6480591408197245,83.067,85.585,321.6666666666667,32.678660074083915,False,"[84.154, 85.585, 83.92, 84.152, 83.882, 83.753, 83.652, 83.581, 83.601, 83.321, 83.469, 83.267, 83.067, 83.3, 83.614, 84.94]",-0.46474797327660705,False
NOR,McLaren,#888888,3,NOR_S3,NOR-H3,HARD,33,53,21,20,82.70034999999999,-0.05642330827067651,21,1,44.753304248474066,2,0.2480411791015123,83.23637142857142,0.6702405126048735,81.432,84.162,330.42857142857144,32.436076351619214,False,"[82.837, 83.137, 83.114, 83.178, 83.133, 83.061, 84.162, 82.234, 82.678, 82.25, 82.403, 82.398, 82.041, 83.852, 81.824, 82.436, 83.266, 82.269, 82.302, 81.432]",-0.4776568592082655,False
SAI,Ferrari,#888888,1,SAI_S1,SAI-M1,MEDIUM,1,19,19,17,85.14552941176468,0.0194362745098038,19,1,48.96438252718064,1,0.08676233068728793,84.99003921568625,0.33320960326179316,84.642,85.731,323.4736842105263,33.296018057751404,False,"[85.731, 85.358, 85.086, 85.006, 84.642, 84.715, 84.87, 84.774, 84.684, 85.066, 85.276, 85.423, 85.234, 85.183, 85.341, 85.407, 85.678]",0.6646209087343011,False
SAI,Ferrari,#888888,2,SAI_S2,SAI-H2,HARD,20,53,34,33,83.76757575757576,0.003945521390374338,34,1,45.21364959680327,2,0.0066886803242826726,83.70444741532977,0.4664874750665218,83.219,85.113,320.44117647058823,32.5033693598899,False,"[84.499, 84.226, 84.557, 83.682, 83.687, 83.503, 83.503, 83.751, 83.473, 83.584, 83.33, 83.354, 83.412, 83.285, 83.334, 83.27, 83.29, 83.551, 83.809, 83.803, 83.337, 83.838, 83.793, 83.931, 85.113, 84.001, 84.09, 84.939, 83.921, 83.769, 83.754, 83.722, 83.219]",-0.05434711158179334,False
HAM,Mercedes,#888888,1,HAM_S1,HAM-M1,MEDIUM,1,15,15,13,85.24007692307691,-0.031373626373626576,15,1,49.35281706294163,1,0.08262596157936132,85.42831868131867,0.4250612625529127,84.771,86.043,324.46666666666664,33.4173373322831,False,"[86.043, 85.63, 85.722, 84.771, 84.919, 85.205, 84.871, 85.035, 84.909, 84.938, 84.932, 85.329, 85.817]",0.23629547454774377,False
HAM,Mercedes,#888888,2,HAM_S2,HAM-H2,HARD,16,37,22,20,83.92999999999999,-0.08796691729323315,22,1,46.10760437950577,2,0.7954153542626508,84.76568571428571,0.5835208921529271,83.328,84.915,325.59090909090907,32.648964169158056,False,"[84.843, 84.831, 84.649, 84.64, 84.915, 84.613, 84.132, 83.818, 83.804, 83.673, 83.495, 83.64, 83.507, 83.445, 83.36, 83.328, 83.397, 83.531, 83.378, 83.601]",-0.6988424818141243,False
HAM,Mercedes,#888888,3,HAM_S3,HAM-H3,HARD,38,53,16,15,82.68986666666666,0.02020357142857116,16,1,44.503991448143935,2,0.009639607894869395,82.54844166666666,0.9202661778503217,81.512,85.703,324.25,32.382935062493004,False,"[82.968, 83.012, 82.927, 82.52, 82.396, 82.136, 82.176, 82.307, 82.471, 82.794, 82.446, 82.243, 82.737, 85.703, 81.512]",0.05965528166002812,False
VER,Red Bull Racing,#888888,1,VER_S1,VER-H1,HARD,1,22,22,20,85.3206,-0.005073684210526438,22,1,48.619985956096706,2,0.007451619102869162,85.3688,0.3477219700005345,84.918,86.17,316.8181818181818,33.224976810530585,False,"[86.17, 85.855, 85.633, 85.218, 85.096, 85.042, 84.918, 85.05, 84.964, 84.978, 84.968, 84.957, 85.287, 85.746, 85.244, 85.34, 85.469, 85.537, 85.559, 85.381]",-0.11759030625932478,False
VER,Red Bull Racing,#888888,2,VER_S2,VER-H2,HARD,23,41,19,17,83.58823529411765,0.00924264705882367,19,1,45.53602830727485,2,0.048224771006589194,83.51429411764707,0.21253544687056483,83.424,84.337,319.2631578947368,32.55784232286819,False,"[83.545, 83.801, 83.618, 83.524, 83.509, 83.452, 83.542, 83.424, 83.49, 83.621, 83.576, 83.589, 83.559, 83.485, 83.427, 83.501, 84.337]",-0.017203358051257167,False
VER,Red Bull Racing,#888888,3,VER_S3,VER-M3,MEDIUM,42,53,12,11,82.778,0.0574090909090905,12,1,44.35724449966518,1,0.13815439531784507,82.49095454545456,0.5122649704986665,81.745,83.711,315.1666666666667,32.33869253364513,False,"[81.745, 83.045, 83.363, 82.941, 82.52, 82.57, 82.584, 82.585, 82.574, 82.92, 83.711]",0.9847302336634312,False
RUS,Mercedes,#888888,1,RUS_S1,RUS-M1,MEDIUM,1,11,11,9,85.44333333333333,-0.0957000000000008,11,1,49.94954411706185,1,0.5509882524696307,85.82613333333333,0.35307860314666706,85.046,86.055,326.3636363636364,33.55427670161246,False,"[86.055, 85.733, 85.762, 85.494, 85.101, 85.046, 85.216, 85.115, 85.468]",-0.30597328477094726,False
RUS,Mercedes,#888888,2,RUS_S2,RUS-H2,HARD,12,33,22,20,84.38174999999998,-0.05365488721804512,22,1,46.513975902260654,2,0.22837171795633143,84.8914714285714,0.664235601432599,83.177,85.504,328.90909090909093,32.71918922801165,False,"[84.546, 84.548, 84.56, 84.692, 84.546, 84.521, 84.706, 85.504, 84.626, 84.711, 84.624, 84.621, 85.174, 83.575, 83.732, 83.383, 83.516, 83.177, 85.331, 83.542]",-0.45824452963863505,False
RUS,Mercedes,#888888,3,RUS_S3,RUS-H3,HARD,34,53,20,19,82.8732105263158,-0.08384035087719263,20,1,44.6703198793789,2,0.41027900136317086,83.62777368421054,0.7365710027589061,82.036,85.166,327.95,32.41983420249304,False,"[82.944, 83.333, 83.158, 85.166, 83.142, 82.886, 84.039, 82.799, 82.939, 82.923, 82.685, 82.419, 82.343, 82.165, 82.036, 82.156, 82.311, 82.447, 82.7]",-0.669906757899221,False
PER,Red Bull Racing,#888888,1,PER_S1,PER-H1,HARD,1,23,23,21,85.42361904761907,0.005045454545454496,23,1,48.5060960202602,2,0.004950553077069803,85.37316450216453,0.444942409328499,84.654,86.411,318.69565217391306,33.2008843659699,False,"[86.411, 85.757, 85.805, 85.447, 85.105, 85.434, 85.186, 84.977, 84.841, 84.773, 84.654, 85.041, 85.229, 85.543, 85.434, 85.444, 85.448, 85.683, 86.111, 85.864, 85.709]",-0.046634316271743165,False
PER,Red Bull Racing,#888888,2,PER_S2,PER-H2,HARD,24,35,12,10,83.8789,-0.022466666666666024,12,1,45.7301956642641,2,0.020705272950710875,83.98,0.47271989592146274,83.473,85.086,320.1666666666667,32.570890471040194,False,"[84.109, 83.975, 83.784, 83.598, 83.854, 83.474, 85.086, 83.825, 83.473, 83.611]",-0.23955091167968082,False
PER,Red Bull Racing,#888888,3,PER_S3,PER-M3,MEDIUM,36,53,18,17,83.72217647058824,-0.027850490196078288,18,1,44.575194959950565,1,0.030847919615140107,83.94498039215686,0.8007371787370458,82.971,86.243,320.3888888888889,32.39254110387344,False,"[83.291, 86.243, 83.707, 83.393, 83.267, 83.908, 84.537, 83.617, 83.033, 82.996, 82.971, 83.315, 83.612, 83.39, 83.415, 84.071, 84.511]",0.26599537174708776,False
ALB,Williams,#888888,1,ALB_S1,ALB-M1,MEDIUM,1,17,17,15,86.06179999999999,-0.03203571428571433,17,1,49.157336639362185,1,0.11335614120918999,86.28604999999999,0.4255267659870851,85.468,87.011,324.47058823529414,33.3406125985061,False,"[87.011, 86.282, 86.527, 86.039, 85.946, 85.99, 85.963, 85.666, 85.711, 85.734, 85.468, 85.533, 86.14, 86.463, 86.454]",0.23071409990453642,False
ALB,Williams,#888888,2,ALB_S2,ALB-H2,HARD,18,53,36,35,84.79491428571428,-0.03224733893557417,36,1,45.28104088836071,2,0.3900052559338884,85.34311904761904,0.5291189331125377,83.918,86.282,327.75,32.51455205638358,False,"[85.254, 85.074, 84.86, 85.053, 85.132, 85.196, 84.707, 85.065, 84.949, 84.793, 84.871, 84.754, 85.229, 84.412, 86.282, 85.57, 84.994, 84.748, 85.882, 85.214, 84.971, 84.552, 84.372, 84.874, 84.669, 84.678, 84.569, 84.554, 84.383, 84.149, 84.262, 83.956, 83.921, 83.955, 83.918]",-0.3081335549579217,False
MAG,Haas F1 Team,#888888,1,MAG_S1,MAG-M1,MEDIUM,1,14,14,12,86.17091666666666,-0.06401748251748236,14,1,49.43808765246122,1,0.31963160861443407,86.5230128205128,0.4082680621920605,85.785,87.205,326.85714285714283,33.44343110058233,False,"[87.205, 86.584, 86.372, 86.142, 85.902, 85.825, 85.966, 85.785, 85.799, 86.04, 86.145, 86.286]",-0.03889092836256548,False
MAG,Haas F1 Team,#888888,2,MAG_S2,MAG-H2,HARD,15,53,39,38,84.58107894736843,-0.04566549950760483,39,1,45.47207695067766,2,0.6352101136609362,85.42589068825912,0.6367412551667238,83.437,86.533,324.9230769230769,32.54099106550905,False,"[85.644, 84.769, 86.533, 85.109, 85.154, 84.793, 85.071, 85.057, 85.131, 85.504, 85.199, 84.64, 84.415, 84.799, 84.573, 84.458, 84.408, 84.853, 84.702, 84.17, 84.276, 83.95, 84.803, 84.463, 84.282, 84.625, 84.628, 84.605, 85.205, 84.272, 84.124, 83.971, 83.741, 83.708, 83.603, 83.437, 83.691, 83.715]",-0.40222247795426175,False
ALO,Aston Martin,#888888,1,ALO_S1,ALO-M1,MEDIUM,1,12,12,10,86.1388,-0.12784242424242515,12,2,49.74837456965242,1,0.7052040268526698,86.71409090909091,0.46091763544766723,85.693,87.236,326.0,33.51838158678333,False,"[87.236, 86.41, 86.411, 86.218, 85.911, 85.95, 85.693, 85.969, 85.832, 85.758]",-0.576932636788393,False
ALO,Aston Martin,#888888,2,ALO_S2,ALO-H2,HARD,13,35,23,21,85.02957142857142,-0.0016844155844155067,23,2,46.37502127982589,2,0.0008402321961408613,85.04641558441557,0.36056200180115505,84.504,85.832,324.2173913043478,32.698199653875186,False,"[85.832, 84.67, 84.614, 84.574, 84.882, 85.314, 85.676, 85.297, 85.451, 85.017, 84.588, 84.504, 84.937, 84.891, 84.725, 85.011, 85.039, 85.128, 85.099, 85.289, 85.083]",-0.09382455736518985,False
ALO,Aston Martin,#888888,3,ALO_S3,ALO-H3,HARD,36,53,18,17,83.55982352941176,-0.01784068627450962,18,3,44.562237755535364,2,0.14115987869549235,83.70254901960783,0.23978720652229155,82.944,83.847,324.1111111111111,32.389245669368975,False,"[83.703, 83.847, 83.77, 83.683, 83.822, 83.637, 83.681, 83.529, 83.484, 82.944, 83.221, 83.245, 83.525, 83.511, 83.468, 83.761, 83.686]",-0.20711326789358375,False
COL,Williams,#888888,1,COL_S1,COL-M1,MEDIUM,1,16,16,14,86.65,-0.032202197802197775,16,1,49.242247167990314,1,0.07741619114745442,86.85931428571429,0.4841597002897025,86.057,87.845,326.875,33.36461927836781,False,"[87.845, 86.578, 86.25, 87.151, 86.057, 87.204, 86.385, 86.222, 86.289, 86.607, 86.5, 86.41, 86.93, 86.672]",0.22931065051292518,False
COL,Williams,#888888,2,COL_S2,COL-H2,HARD,17,53,37,36,84.87522222222225,-0.01180849420849421,37,1,45.3268011685671,2,0.0806081312468937,85.0818708708709,0.4381941586042891,83.728,85.979,327.02702702702703,32.52122204893531,False,"[84.485, 84.928, 85.148, 84.784, 84.852, 84.649, 84.635, 84.916, 84.639, 84.497, 85.005, 85.634, 85.412, 85.586, 85.433, 84.868, 84.921, 84.798, 84.84, 85.345, 85.194, 85.128, 85.147, 84.801, 84.62, 85.979, 85.161, 84.812, 84.939, 84.697, 84.538, 84.474, 84.3, 84.186, 84.429, 83.728]",-0.16481518599542058,False
RIC,RB,#888888,1,RIC_S1,RIC-M1,MEDIUM,1,11,11,9,86.22611111111111,-0.13518333333333366,11,1,49.93495750246209,1,0.6407444909241582,86.76684444444444,0.46249957957939086,85.713,87.177,324.1818181818182,33.549393742882366,False,"[87.177, 86.588, 86.488, 86.251, 85.899, 85.713, 85.993, 85.815, 86.111]",-0.6388162070968881,False
RIC,RB,#888888,2,RIC_S2,RIC-H2,HARD,12,53,42,41,85.02170731707318,-0.016889024390243954,42,2,45.62192796421061,2,0.2742810672812835,85.35948780487806,0.3863070180505682,84.219,86.122,319.45238095238096,32.57417095206054,False,"[86.122, 85.827, 85.572, 85.398, 85.028, 85.062, 84.897, 84.753, 84.991, 85.08, 84.848, 84.931, 85.047, 84.906, 85.595, 85.38, 84.835, 84.97, 84.875, 84.69, 84.662, 84.777, 85.588, 85.081, 85.095, 85.288, 85.033, 85.025, 84.945, 84.954, 85.179, 84.776, 85.063, 85.685, 84.775, 84.518, 84.617, 84.817, 84.639, 84.219, 84.347]",-0.20044015936529064,False
OCO,Alpine,#888888,1,OCO_S1,OCO-H1,HARD,1,31,31,29,86.33113793103449,0.010648275862069062,31,1,47.779539108711816,2,0.04118580898536743,86.18206206896552,0.4467602204553143,85.369,87.519,322.1290322580645,33.02695690562619,False,"[86.837, 86.466, 86.297, 86.568, 85.684, 86.006, 86.053, 85.369, 86.035, 86.349, 85.954, 86.059, 86.307, 86.677, 86.694, 86.002, 86.234, 86.174, 87.326, 86.45, 86.327, 86.201, 86.77, 87.519, 86.383, 86.725, 86.013, 86.099, 86.025]",-0.0073470070618623234,False
OCO,Alpine,#888888,2,OCO_S2,OCO-M2,MEDIUM,32,52,21,20,84.9442,-0.0037368421052630077,21,1,44.78039244389548,1,0.0020989266086823208,84.9797,0.4825475815099,84.343,86.111,315.6666666666667,32.43981909202363,False,"[84.652, 84.965, 85.019, 84.942, 84.613, 84.845, 85.267, 85.211, 85.06, 85.119, 86.111, 84.669, 84.587, 84.449, 84.506, 84.458, 85.79, 85.688, 84.59, 84.343]",0.46927246162010755,False
GAS,Alpine,#888888,1,GAS_S1,GAS-M1,MEDIUM,1,10,10,8,86.43537500000001,0.010059523809523966,10,1,50.08148637676648,1,0.003785380290614793,86.40016666666668,0.4004960986077143,85.82,87.148,324.2,33.582425279129325,False,"[86.606, 86.646, 86.395, 86.361, 86.042, 85.82, 86.465, 87.148]",0.5855752750069143,False
GAS,Alpine,#888888,2,GAS_S2,GAS-H2,HARD,11,30,20,18,85.60127777777778,0.07038286893704843,20,1,46.70014591910939,2,0.39633142754423706,85.00302339181287,0.596843048198608,84.816,87.191,324.95,32.771228479261715,False,"[85.07, 84.816, 85.214, 85.529, 85.537, 85.165, 86.182, 85.403, 85.058, 84.878, 85.105, 86.161, 85.882, 85.988, 85.742, 87.191, 85.823, 86.079]",0.4115154367044422,False
GAS,Alpine,#888888,3,GAS_S3,GAS-H3,HARD,31,52,22,21,84.66280952380951,-0.03785194805194792,22,1,44.81567933361583,2,0.11702136563429663,85.041329004329,0.686571891286529,83.755,86.175,320.77272727272725,32.43704303261746,False,"[84.423, 84.252, 84.383, 84.822, 85.591, 84.386, 85.229, 84.591, 85.104, 85.772, 84.605, 85.142, 86.175, 85.425, 84.403, 83.923, 84.036, 83.852, 84.077, 83.755, 83.973]",-0.347433400323781,False
BOT,Kick Sauber,#888888,1,BOT_S1,BOT-H1,HARD,1,33,33,31,86.67106451612905,-0.009154435483870911,33,2,47.64831217572155,2,0.01838195529830495,86.80838104838712,0.6139046579333453,85.804,88.377,320.1515151515151,32.995817802550505,False,"[88.377, 86.918, 86.324, 88.242, 86.499, 86.359, 86.206, 86.188, 86.118, 86.47, 86.207, 86.349, 86.481, 86.79, 86.569, 86.396, 86.359, 86.456, 86.803, 87.23, 87.404, 86.943, 86.542, 86.863, 86.885, 86.309, 85.804, 86.827, 86.022, 86.004, 87.859]",-0.14620477172676388,False
BOT,Kick Sauber,#888888,2,BOT_S2,BOT-M2,MEDIUM,34,52,19,18,84.90966666666667,-0.11306707946336422,19,2,44.657554871662605,1,0.5167512005038556,85.87073684210526,0.8396878271469838,83.609,86.704,319.94736842105266,32.419498602231045,False,"[85.336, 85.114, 85.213, 86.704, 85.081, 85.16, 86.31, 86.036, 84.637, 84.792, 84.588, 84.358, 84.089, 85.126, 83.885, 84.357, 83.979, 83.609]",-0.45237707069377003,False
HUL,Haas F1 Team,#888888,1,HUL_S1,HUL-M1,MEDIUM,1,5,5,3,86.829,-0.4855000000000018,5,1,50.75965051781108,1,0.6682474364171936,87.3145,0.5939099258305103,86.434,87.512,317.8,33.77082569380919,False,"[87.512, 86.434, 86.541]",-3.591971709152213,True
HUL,Haas F1 Team,#888888,2,HUL_S2,HUL-H2,HARD,6,32,27,25,85.48844,0.010191538461538403,27,1,47.09040388937906,2,0.05455126215787991,85.36614153846153,0.3211466539345126,84.983,86.119,320.3703703703704,32.85432600099954,False,"[85.882, 85.351, 85.191, 85.194, 85.322, 85.166, 84.983, 85.014, 85.862, 85.017, 86.119, 85.465, 85.326, 86.113, 85.735, 85.565, 85.632, 85.608, 85.716, 85.506, 85.674, 85.43, 85.57, 85.628, 85.142]",-0.010549676300867724,False
HUL,Haas F1 Team,#888888,3,HUL_S3,HUL-H3,HARD,33,52,20,19,84.21136842105264,0.003919298245613851,20,1,44.70077703012164,2,0.0003380953261821659,84.17609473684212,1.1994714211095148,83.275,87.809,324.35,32.430657782774674,False,"[83.587, 83.761, 83.772, 87.809, 83.88, 84.019, 83.621, 83.449, 83.624, 83.591, 83.275, 83.807, 84.107, 86.991, 85.125, 83.404, 84.017, 84.211, 83.966]",-0.05453098979929167,False
ZHO,Kick Sauber,#888888,1,ZHO_S1,ZHO-M1,MEDIUM,1,15,15,13,86.85438461538462,-0.10032417582417576,15,2,49.328053009125284,1,0.15028728584412887,87.45632967032967,1.0078352658430472,85.942,89.256,319.26666666666665,33.39916426826112,False,"[88.721, 86.997, 86.226, 89.256, 85.942, 86.381, 86.411, 86.315, 86.128, 86.488, 86.348, 86.802, 87.092]",-0.34495490219603914,False
ZHO,Kick Sauber,#888888,2,ZHO_S2,ZHO-H2,HARD,16,52,37,36,85.93797222222221,0.03157258687258689,37,2,45.408032959663274,2,0.2659819832098353,85.38545195195195,0.6449789580670107,85.092,87.64,318.6216216216216,32.53580281119664,False,"[85.092, 85.245, 85.777, 85.588, 85.743, 85.876, 86.061, 86.041, 85.583, 85.549, 85.603, 85.699, 85.515, 85.491, 85.478, 85.356, 85.451, 85.487, 85.52, 86.606, 85.205, 86.652, 85.584, 85.82, 86.437, 87.64, 86.916, 86.918, 85.632, 85.857, 87.442, 85.84, 86.298, 85.539, 85.946, 87.28]",0.1393754797388853,False
STR,Aston Martin,#888888,1,STR_S1,STR-H1,HARD,1,19,19,17,86.45182352941177,-0.013955882352940938,19,2,48.92600175604093,2,0.009261477229549625,86.56347058823529,0.7322970056007078,85.558,88.342,326.3157894736842,33.28453021753117,False,"[88.342, 86.734, 86.253, 87.234, 85.558, 86.208, 85.799, 86.024, 86.182, 85.675, 85.947, 86.143, 85.895, 86.986, 86.593, 86.584, 87.524]",-0.17987279666280617,False
STR,Aston Martin,#888888,2,STR_S2,STR-H2,HARD,20,36,17,15,84.92820000000002,0.04009285714285668,17,3,45.82247449381548,2,0.1275993216490688,84.64755000000002,0.5019469522341399,84.437,86.377,331.29411764705884,32.60586851156194,False,"[84.721, 84.721, 84.659, 84.768, 84.743, 84.491, 84.437, 84.618, 85.397, 86.377, 84.749, 85.576, 84.947, 84.856, 84.863]",0.1991201108352248,False
STR,Aston Martin,#888888,3,STR_S3,STR-M3,MEDIUM,37,50,14,12,84.27733333333333,0.06404895104895049,14,2,44.621325274111804,1,0.06713043774690337,83.92506410256411,0.8913001059059048,83.427,86.104,327.07142857142856,32.41125889257214,False,"[83.617, 84.43, 85.777, 83.702, 83.823, 83.81, 83.654, 83.427, 83.906, 84.014, 86.104, 85.064]",1.040703989327084,False
TSU,RB,#888888,1,TSU_S1,TSU-H1,HARD,1,7,7,5,88.223,0.7445999999999998,7,2,50.51701018988882,2,0.23893649889730378,86.7338,2.4085284926693316,86.198,92.241,321.85714285714283,33.69221113098046,False,"[87.538, 86.665, 86.198, 92.241, 88.473]",5.139165205602315,True
